date,timestamp_tdt,tdt_jd,ra_deg,dec_deg,ecliptic_lon_deg,quality_flag,cmc_object_code,source_catalog
1986-04-19,1986-04-19T06:09:43,2446539.756753,281.3739666667,-23.7179250000,280.4028305051,,99040,Carlsberg Meridian Catalog Vol.4 (CDS I/147 table2.dat)
1986-04-20,1986-04-20T06:07:38,2446540.755312,281.8396333333,-23.7192333333,280.8277226484,,99040,Carlsberg Meridian Catalog Vol.4 (CDS I/147 table2.dat)
1986-04-22,1986-04-22T06:03:26,2446542.752392,282.7566875000,-23.7208250000,281.6642231511,,99040,Carlsberg Meridian Catalog Vol.4 (CDS I/147 table2.dat)
1986-04-23,1986-04-23T06:01:18,2446543.750911,283.2075666667,-23.7213861111,282.0753487449,,99040,Carlsberg Meridian Catalog Vol.4 (CDS I/147 table2.dat)
1986-04-24,1986-04-24T05:59:09,2446544.749414,283.6529500000,-23.7217583333,282.4813678673,,99040,Carlsberg Meridian Catalog Vol.4 (CDS I/147 table2.dat)
1986-04-25,1986-04-25T05:56:58,2446545.747903,284.0931958333,-23.7219888889,282.8826050878,,99040,Carlsberg Meridian Catalog Vol.4 (CDS I/147 table2.dat)
1986-04-26,1986-04-26T05:54:46,2446546.746377,284.5278833333,-23.7221361111,283.2786732554,,99040,Carlsberg Meridian Catalog Vol.4 (CDS I/147 table2.dat)
1986-04-27,1986-04-27T05:52:33,2446547.744835,284.9568625000,-23.7225805556,283.6693987347,,99040,Carlsberg Meridian Catalog Vol.4 (CDS I/147 table2.dat)
1986-04-28,1986-04-28T05:50:19,2446548.743278,285.3803291667,-23.7229416667,284.0549991290,,99040,Carlsberg Meridian Catalog Vol.4 (CDS I/147 table2.dat)
1986-04-29,1986-04-29T05:48:03,2446549.741702,285.7973166667,-23.7234500000,284.4345719663,,99040,Carlsberg Meridian Catalog Vol.4 (CDS I/147 table2.dat)
1986-04-30,1986-04-30T05:45:45,2446550.740110,286.2081958333,-23.7243333333,284.8084308735,,99040,Carlsberg Meridian Catalog Vol.4 (CDS I/147 table2.dat)
1986-05-04,1986-05-04T05:36:19,2446554.733561,287.7866541667,-23.7321916667,286.2430393336,,99040,Carlsberg Meridian Catalog Vol.4 (CDS I/147 table2.dat)
1986-05-05,1986-05-05T05:33:54,2446555.731876,288.1640666667,-23.7354583333,286.5856059267,,99040,Carlsberg Meridian Catalog Vol.4 (CDS I/147 table2.dat)
1986-05-06,1986-05-06T05:31:26,2446556.730171,288.5341208333,-23.7395472222,286.9212669063,,99040,Carlsberg Meridian Catalog Vol.4 (CDS I/147 table2.dat)
1986-05-07,1986-05-07T05:28:57,2446557.728446,288.8969541667,-23.7446000000,287.2501278041,,99040,Carlsberg Meridian Catalog Vol.4 (CDS I/147 table2.dat)
1986-05-08,1986-05-08T05:26:26,2446558.726699,289.2520875000,-23.7504250000,287.5717770117,,99040,Carlsberg Meridian Catalog Vol.4 (CDS I/147 table2.dat)
1986-05-09,1986-05-09T05:23:54,2446559.724931,289.5994208333,-23.7574361111,287.8860688189,,99040,Carlsberg Meridian Catalog Vol.4 (CDS I/147 table2.dat)
1986-05-10,1986-05-10T05:21:19,2446560.723141,289.9390958333,-23.7652194444,288.1931858504,,99040,Carlsberg Meridian Catalog Vol.4 (CDS I/147 table2.dat)
1986-05-11,1986-05-11T05:18:42,2446561.721329,290.2707000000,-23.7743527778,288.4926752930,,99040,Carlsberg Meridian Catalog Vol.4 (CDS I/147 table2.dat)
1986-05-15,1986-05-15T05:07:56,2446565.713850,291.5132583333,-23.8238555556,289.6115477112,,99040,Carlsberg Meridian Catalog Vol.4 (CDS I/147 table2.dat)
1986-05-16,1986-05-16T05:05:09,2446566.711919,291.8021000000,-23.8399361111,289.8706700626,,99040,Carlsberg Meridian Catalog Vol.4 (CDS I/147 table2.dat)
1986-05-28,1986-05-28T04:28:48,2446578.686669,294.5148291667,-24.1782722222,292.2669970160,,99040,Carlsberg Meridian Catalog Vol.4 (CDS I/147 table2.dat)
1986-05-31,1986-05-31T04:18:44,2446581.679684,294.9504791667,-24.3127750000,292.6366701243,,99040,Carlsberg Meridian Catalog Vol.4 (CDS I/147 table2.dat)
1986-06-01,1986-06-01T04:15:17,2446582.677290,295.0717458333,-24.3625527778,292.7373238823,,99040,Carlsberg Meridian Catalog Vol.4 (CDS I/147 table2.dat)
1986-06-02,1986-06-02T04:11:47,2446583.674861,295.1805125000,-24.4150555556,292.8261925382,,99040,Carlsberg Meridian Catalog Vol.4 (CDS I/147 table2.dat)
1986-06-03,1986-06-03T04:08:15,2446584.672397,295.2768125000,-24.4700138889,292.9033622011,,99040,Carlsberg Meridian Catalog Vol.4 (CDS I/147 table2.dat)
1986-06-04,1986-06-04T04:04:39,2446585.669898,295.3603083333,-24.5275888889,292.9685139030,,99040,Carlsberg Meridian Catalog Vol.4 (CDS I/147 table2.dat)
1986-06-05,1986-06-05T04:01:00,2446586.667364,295.4312666667,-24.5878583333,293.0218860932,,99040,Carlsberg Meridian Catalog Vol.4 (CDS I/147 table2.dat)
1986-06-06,1986-06-06T03:57:18,2446587.664793,295.4889375000,-24.6506861111,293.0628424005,,99040,Carlsberg Meridian Catalog Vol.4 (CDS I/147 table2.dat)
1986-06-07,1986-06-07T03:53:32,2446588.662186,295.5334833333,-24.7162777778,293.0915079979,,99040,Carlsberg Meridian Catalog Vol.4 (CDS I/147 table2.dat)
1986-06-08,1986-06-08T03:49:44,2446589.659543,295.5650041667,-24.7842416667,293.1080552745,,99040,Carlsberg Meridian Catalog Vol.4 (CDS I/147 table2.dat)
1986-06-09,1986-06-09T03:45:52,2446590.656863,295.5830833333,-24.8550083333,293.1120531637,,99040,Carlsberg Meridian Catalog Vol.4 (CDS I/147 table2.dat)
1986-06-10,1986-06-10T03:41:58,2446591.654145,295.5876666667,-24.9283305556,293.1035133264,,99040,Carlsberg Meridian Catalog Vol.4 (CDS I/147 table2.dat)
1986-06-11,1986-06-11T03:38:00,2446592.651390,295.5788500000,-25.0041611111,293.0825481487,,99040,Carlsberg Meridian Catalog Vol.4 (CDS I/147 table2.dat)
1986-06-12,1986-06-12T03:33:58,2446593.648598,295.5565708333,-25.0821916667,293.0491740976,,99040,Carlsberg Meridian Catalog Vol.4 (CDS I/147 table2.dat)
1986-06-13,1986-06-13T03:29:54,2446594.645768,295.5205583333,-25.1627222222,293.0031174858,,99040,Carlsberg Meridian Catalog Vol.4 (CDS I/147 table2.dat)
1986-06-14,1986-06-14T03:25:46,2446595.642901,295.4712916667,-25.2457166667,292.9448337384,,99040,Carlsberg Meridian Catalog Vol.4 (CDS I/147 table2.dat)
1986-06-15,1986-06-15T03:21:35,2446596.639996,295.4084000000,-25.3308888889,292.8740623292,,99040,Carlsberg Meridian Catalog Vol.4 (CDS I/147 table2.dat)
1986-06-16,1986-06-16T03:17:21,2446597.637054,295.3321083333,-25.4179666667,292.7910729571,,99040,Carlsberg Meridian Catalog Vol.4 (CDS I/147 table2.dat)
1986-06-17,1986-06-17T03:13:04,2446598.634076,295.2425875000,-25.5070972222,292.6960152184,,99040,Carlsberg Meridian Catalog Vol.4 (CDS I/147 table2.dat)
1986-06-18,1986-06-18T03:08:43,2446599.631061,295.1397291667,-25.5981638889,292.5888354024,,99040,Carlsberg Meridian Catalog Vol.4 (CDS I/147 table2.dat)
1986-06-19,1986-06-19T03:04:19,2446600.628009,295.0239291667,-25.6907972222,292.4699721548,,99040,Carlsberg Meridian Catalog Vol.4 (CDS I/147 table2.dat)
1986-06-20,1986-06-20T02:59:53,2446601.624921,294.8948416667,-25.7850527778,292.3391311085,,99040,Carlsberg Meridian Catalog Vol.4 (CDS I/147 table2.dat)
1986-06-21,1986-06-21T02:55:23,2446602.621798,294.7529666667,-25.8808750000,292.1967903354,,99040,Carlsberg Meridian Catalog Vol.4 (CDS I/147 table2.dat)
1986-06-23,1986-06-23T02:46:14,2446604.615446,294.4314625000,-26.0760000000,291.8784469436,,99040,Carlsberg Meridian Catalog Vol.4 (CDS I/147 table2.dat)
1986-06-24,1986-06-24T02:41:35,2446605.612218,294.2520250000,-26.1751944444,291.7026778288,,99040,Carlsberg Meridian Catalog Vol.4 (CDS I/147 table2.dat)
1986-06-27,1986-06-27T02:27:21,2446608.602336,293.6417958333,-26.4764916667,291.1122124209,,99040,Carlsberg Meridian Catalog Vol.4 (CDS I/147 table2.dat)
1986-06-28,1986-06-28T02:22:31,2446609.598979,293.4153708333,-26.5773527778,290.8953842257,,99040,Carlsberg Meridian Catalog Vol.4 (CDS I/147 table2.dat)
1986-06-29,1986-06-29T02:17:39,2446610.595591,293.1781875000,-26.6783416667,290.6692610891,,99040,Carlsberg Meridian Catalog Vol.4 (CDS I/147 table2.dat)
1986-06-30,1986-06-30T02:12:43,2446611.592175,292.9304333333,-26.7789833333,290.4341002823,,99040,Carlsberg Meridian Catalog Vol.4 (CDS I/147 table2.dat)
1986-07-01,1986-07-01T02:07:46,2446612.588732,292.6733500000,-26.8791944444,290.1910277483,,99040,Carlsberg Meridian Catalog Vol.4 (CDS I/147 table2.dat)
1986-07-02,1986-07-02T02:02:46,2446613.585263,292.4068375000,-26.9787222222,289.9400059207,,99040,Carlsberg Meridian Catalog Vol.4 (CDS I/147 table2.dat)
1986-07-03,1986-07-03T01:57:45,2446614.581771,292.1316625000,-27.0771555556,289.6817853691,,99040,Carlsberg Meridian Catalog Vol.4 (CDS I/147 table2.dat)
1986-07-04,1986-07-04T01:52:41,2446615.578256,291.8485666667,-27.1744750000,289.4170315251,,99040,Carlsberg Meridian Catalog Vol.4 (CDS I/147 table2.dat)
1986-07-05,1986-07-05T01:47:35,2446616.574721,291.5583625000,-27.2705166667,289.1464918673,,99040,Carlsberg Meridian Catalog Vol.4 (CDS I/147 table2.dat)
1986-07-06,1986-07-06T01:42:29,2446617.571169,291.2615166667,-27.3643972222,288.8707104018,,99040,Carlsberg Meridian Catalog Vol.4 (CDS I/147 table2.dat)
1986-07-07,1986-07-07T01:37:20,2446618.567600,290.9590000000,-27.4567250000,288.5904537379,,99040,Carlsberg Meridian Catalog Vol.4 (CDS I/147 table2.dat)
1986-07-08,1986-07-08T01:32:11,2446619.564018,290.6515041667,-27.5468722222,288.3064200914,,99040,Carlsberg Meridian Catalog Vol.4 (CDS I/147 table2.dat)
1986-07-09,1986-07-09T01:27:00,2446620.560425,290.3402125000,-27.6346333333,288.0196756107,,99040,Carlsberg Meridian Catalog Vol.4 (CDS I/147 table2.dat)
1986-07-10,1986-07-10T01:21:49,2446621.556822,290.0253166667,-27.7201166667,287.7303658200,,99040,Carlsberg Meridian Catalog Vol.4 (CDS I/147 table2.dat)
1986-07-11,1986-07-11T01:16:37,2446622.553214,289.7084041667,-27.8026583333,287.4399702618,,99040,Carlsberg Meridian Catalog Vol.4 (CDS I/147 table2.dat)
1986-07-13,1986-07-13T01:06:13,2446624.545988,289.0711375000,-27.9587527778,286.8581805243,,99040,Carlsberg Meridian Catalog Vol.4 (CDS I/147 table2.dat)
1986-07-14,1986-07-14T01:01:01,2446625.542375,288.7525666667,-28.0320472222,286.5683564256,,99040,Carlsberg Meridian Catalog Vol.4 (CDS I/147 table2.dat)
1986-07-15,1986-07-15T00:55:49,2446626.538766,288.4354000000,-28.1019611111,286.2804467820,,99040,Carlsberg Meridian Catalog Vol.4 (CDS I/147 table2.dat)
1986-07-16,1986-07-16T00:50:38,2446627.535163,288.1204166667,-28.1681555556,285.9951580260,,99040,Carlsberg Meridian Catalog Vol.4 (CDS I/147 table2.dat)
1986-07-17,1986-07-17T00:45:27,2446628.531567,287.8081958333,-28.2309916667,285.7129312690,,99040,Carlsberg Meridian Catalog Vol.4 (CDS I/147 table2.dat)
1986-07-18,1986-07-18T00:40:17,2446629.527983,287.4999750000,-28.2899666667,285.4348930718,,99040,Carlsberg Meridian Catalog Vol.4 (CDS I/147 table2.dat)
1986-07-19,1986-07-19T00:35:09,2446630.524412,287.1966041667,-28.3453638889,285.1617312926,,99040,Carlsberg Meridian Catalog Vol.4 (CDS I/147 table2.dat)
1986-07-20,1986-07-20T00:30:01,2446631.520856,286.8984916667,-28.3967777778,284.8938284238,,99040,Carlsberg Meridian Catalog Vol.4 (CDS I/147 table2.dat)
1986-07-21,1986-07-21T00:24:56,2446632.517317,286.6066000000,-28.4443583333,284.6319867656,,99040,Carlsberg Meridian Catalog Vol.4 (CDS I/147 table2.dat)
1986-07-22,1986-07-22T00:19:52,2446633.513797,286.3216375000,-28.4881138889,284.3768026808,,99040,Carlsberg Meridian Catalog Vol.4 (CDS I/147 table2.dat)
1986-07-23,1986-07-23T00:14:49,2446634.510298,286.0441916667,-28.5278083333,284.1287940360,,99040,Carlsberg Meridian Catalog Vol.4 (CDS I/147 table2.dat)
1986-07-25,1986-07-25T00:04:51,2446636.503370,285.5146083333,-28.5957638889,283.6565451461,,99040,Carlsberg Meridian Catalog Vol.4 (CDS I/147 table2.dat)
1986-07-26,1986-07-26T23:55:01,2446638.496548,285.0232041667,-28.6480722222,283.2197746227,,99040,Carlsberg Meridian Catalog Vol.4 (CDS I/147 table2.dat)
1986-07-30,1986-07-30T23:35:55,2446642.483277,284.1751041667,-28.7074805556,282.4695568348,,99040,Carlsberg Meridian Catalog Vol.4 (CDS I/147 table2.dat)
1986-07-31,1986-07-31T23:31:15,2446643.480045,283.9941833333,-28.7133000000,282.3102291180,,99040,Carlsberg Meridian Catalog Vol.4 (CDS I/147 table2.dat)
1986-08-01,1986-08-01T23:26:39,2446644.476851,283.8267000000,-28.7154583333,282.1630450727,,99040,Carlsberg Meridian Catalog Vol.4 (CDS I/147 table2.dat)
1986-08-02,1986-08-02T23:22:07,2446645.473694,283.6730708333,-28.7142583333,282.0283315981,,99040,Carlsberg Meridian Catalog Vol.4 (CDS I/147 table2.dat)
1986-08-03,1986-08-03T23:17:37,2446646.470578,283.5337291667,-28.7098250000,281.9064499576,,99040,Carlsberg Meridian Catalog Vol.4 (CDS I/147 table2.dat)
1986-08-04,1986-08-04T23:13:12,2446647.467502,283.4088375000,-28.7021138889,281.7975416602,,99040,Carlsberg Meridian Catalog Vol.4 (CDS I/147 table2.dat)
1986-08-05,1986-08-05T23:08:49,2446648.464467,283.2989416667,-28.6912555556,281.7020701152,,99040,Carlsberg Meridian Catalog Vol.4 (CDS I/147 table2.dat)
1986-08-06,1986-08-06T23:04:31,2446649.461473,283.2038708333,-28.6771666667,281.6198913234,,99040,Carlsberg Meridian Catalog Vol.4 (CDS I/147 table2.dat)
1986-08-07,1986-08-07T23:00:16,2446650.458522,283.1243333333,-28.6602194444,281.5515931923,,99040,Carlsberg Meridian Catalog Vol.4 (CDS I/147 table2.dat)
1986-08-08,1986-08-08T22:56:05,2446651.455614,283.0602625000,-28.6404444444,281.4971166647,,99040,Carlsberg Meridian Catalog Vol.4 (CDS I/147 table2.dat)
1986-08-09,1986-08-09T22:51:57,2446652.452749,283.0117083333,-28.6177083333,281.4565215083,,99040,Carlsberg Meridian Catalog Vol.4 (CDS I/147 table2.dat)
1986-08-11,1986-08-11T22:43:53,2446654.447151,282.9620708333,-28.5642250000,281.4177284863,,99040,Carlsberg Meridian Catalog Vol.4 (CDS I/147 table2.dat)
1986-08-12,1986-08-12T22:39:57,2446655.444417,282.9608000000,-28.5335861111,281.4193715583,,99040,Carlsberg Meridian Catalog Vol.4 (CDS I/147 table2.dat)
1986-08-13,1986-08-13T22:36:05,2446656.441728,282.9754958333,-28.5002194444,281.4353010270,,99040,Carlsberg Meridian Catalog Vol.4 (CDS I/147 table2.dat)
1986-08-15,1986-08-15T22:28:31,2446658.436477,283.0515458333,-28.4268861111,281.5088300899,,99040,Carlsberg Meridian Catalog Vol.4 (CDS I/147 table2.dat)
1986-08-16,1986-08-16T22:24:50,2446659.433916,283.1125500000,-28.3866388889,281.5661723986,,99040,Carlsberg Meridian Catalog Vol.4 (CDS I/147 table2.dat)
1986-08-17,1986-08-17T22:21:12,2446660.431397,283.1890000000,-28.3440000000,281.6373636644,,99040,Carlsberg Meridian Catalog Vol.4 (CDS I/147 table2.dat)
1986-08-18,1986-08-18T22:17:38,2446661.428919,283.2803250000,-28.2993277778,281.7218837562,,99040,Carlsberg Meridian Catalog Vol.4 (CDS I/147 table2.dat)
1986-08-19,1986-08-19T22:14:08,2446662.426483,283.3865208333,-28.2525500000,281.8197512554,,99040,Carlsberg Meridian Catalog Vol.4 (CDS I/147 table2.dat)
1986-08-20,1986-08-20T22:10:41,2446663.424087,283.5073000000,-28.2036527778,281.9307307212,,99040,Carlsberg Meridian Catalog Vol.4 (CDS I/147 table2.dat)
1986-08-21,1986-08-21T22:07:17,2446664.421732,283.6425375000,-28.1527333333,282.0547200853,,99040,Carlsberg Meridian Catalog Vol.4 (CDS I/147 table2.dat)
1986-08-22,1986-08-22T22:03:57,2446665.419416,283.7921000000,-28.0996916667,282.1916291517,,99040,Carlsberg Meridian Catalog Vol.4 (CDS I/147 table2.dat)
1986-08-24,1986-08-24T21:57:27,2446667.414900,284.1332875000,-27.9879027778,282.5034126590,,99040,Carlsberg Meridian Catalog Vol.4 (CDS I/147 table2.dat)
1986-08-25,1986-08-25T21:54:17,2446668.412700,284.3245791667,-27.9288666667,282.6780594444,,99040,Carlsberg Meridian Catalog Vol.4 (CDS I/147 table2.dat)
1986-08-26,1986-08-26T21:51:10,2446669.410536,284.5292041667,-27.8681777778,282.8647814847,,99040,Carlsberg Meridian Catalog Vol.4 (CDS I/147 table2.dat)
1986-08-28,1986-08-28T21:45:05,2446671.406319,284.9783916667,-27.7405222222,283.2746089627,,99040,Carlsberg Meridian Catalog Vol.4 (CDS I/147 table2.dat)
1986-08-29,1986-08-29T21:42:08,2446672.404265,285.2224916667,-27.6738388889,283.4973192205,,99040,Carlsberg Meridian Catalog Vol.4 (CDS I/147 table2.dat)
1986-08-31,1986-08-31T21:36:22,2446674.400261,285.7482541667,-27.5349750000,283.9771337138,,99040,Carlsberg Meridian Catalog Vol.4 (CDS I/147 table2.dat)
1986-09-01,1986-09-01T21:33:33,2446675.398310,286.0298166667,-27.4625861111,284.2342149893,,99040,Carlsberg Meridian Catalog Vol.4 (CDS I/147 table2.dat)
1986-09-04,1986-09-04T21:25:25,2446678.392655,286.9452666667,-27.2336666667,285.0709078790,,99040,Carlsberg Meridian Catalog Vol.4 (CDS I/147 table2.dat)
1986-09-05,1986-09-05T21:22:48,2446679.390834,287.2733375000,-27.1533416667,285.3711185064,,99040,Carlsberg Meridian Catalog Vol.4 (CDS I/147 table2.dat)
1986-09-06,1986-09-06T21:20:13,2446680.389043,287.6124666667,-27.0711000000,285.6816565071,,99040,Carlsberg Meridian Catalog Vol.4 (CDS I/147 table2.dat)
1986-09-10,1986-09-10T21:10:19,2446684.382173,289.0752125000,-26.7214138889,287.0238733769,,99040,Carlsberg Meridian Catalog Vol.4 (CDS I/147 table2.dat)
1986-09-11,1986-09-11T21:07:57,2446685.380525,289.4660000000,-26.6288027778,287.3832703958,,99040,Carlsberg Meridian Catalog Vol.4 (CDS I/147 table2.dat)
1986-09-27,1986-09-27T20:34:23,2446701.357214,296.8212083333,-24.8440750000,294.2220484377,,99040,Carlsberg Meridian Catalog Vol.4 (CDS I/147 table2.dat)
1986-09-30,1986-09-30T20:28:50,2446704.353368,298.3895958333,-24.4420638889,295.7001632627,,99040,Carlsberg Meridian Catalog Vol.4 (CDS I/147 table2.dat)
1986-10-02,1986-10-02T20:25:15,2446706.350878,299.4619458333,-24.1614527778,296.7150957028,,99040,Carlsberg Meridian Catalog Vol.4 (CDS I/147 table2.dat)
1986-10-04,1986-10-04T20:21:45,2446708.348443,300.5542500000,-23.8705583333,297.7525882269,,99040,Carlsberg Meridian Catalog Vol.4 (CDS I/147 table2.dat)
1986-10-10,1986-10-10T20:11:39,2446714.341432,303.9374416667,-22.9356361111,300.9901587775,,99040,Carlsberg Meridian Catalog Vol.4 (CDS I/147 table2.dat)
1986-10-16,1986-10-16T20:02:04,2446720.334779,307.4495958333,-21.9072250000,304.3912866431,,99040,Carlsberg Meridian Catalog Vol.4 (CDS I/147 table2.dat)
1986-10-18,1986-10-18T19:58:58,2446722.332625,308.6430083333,-21.5440944444,305.5565162046,,99040,Carlsberg Meridian Catalog Vol.4 (CDS I/147 table2.dat)
1986-10-21,1986-10-21T19:54:23,2446725.329442,310.4510625000,-20.9800416667,307.3313878114,,99040,Carlsberg Meridian Catalog Vol.4 (CDS I/147 table2.dat)
1986-10-22,1986-10-22T19:52:53,2446726.328393,311.0580416667,-20.7870555556,307.9297833237,,99040,Carlsberg Meridian Catalog Vol.4 (CDS I/147 table2.dat)
1986-10-23,1986-10-23T19:51:23,2446727.327350,311.6670083333,-20.5915527778,308.5314493126,,99040,Carlsberg Meridian Catalog Vol.4 (CDS I/147 table2.dat)
1986-10-25,1986-10-25T19:48:24,2446729.325279,312.8907708333,-20.1931527778,309.7444770129,,99040,Carlsberg Meridian Catalog Vol.4 (CDS I/147 table2.dat)
1986-10-26,1986-10-26T19:46:55,2446730.324250,313.5051375000,-19.9903277778,310.3554522602,,99040,Carlsberg Meridian Catalog Vol.4 (CDS I/147 table2.dat)
1986-10-28,1986-10-28T19:43:58,2446732.322208,314.7390416667,-19.5770555556,311.5866586035,,99040,Carlsberg Meridian Catalog Vol.4 (CDS I/147 table2.dat)
1986-10-29,1986-10-29T19:42:30,2446733.321192,315.3581791667,-19.3670888889,312.2064115979,,99040,Carlsberg Meridian Catalog Vol.4 (CDS I/147 table2.dat)
1986-11-07,1986-11-07T19:29:35,2446742.312216,320.9885375000,-17.3688472222,317.9056539841,,99040,Carlsberg Meridian Catalog Vol.4 (CDS I/147 table2.dat)
1986-11-08,1986-11-08T19:28:10,2446743.311232,321.6191333333,-17.1355750000,318.5509347822,,99040,Carlsberg Meridian Catalog Vol.4 (CDS I/147 table2.dat)
1986-11-09,1986-11-09T19:26:45,2446744.310250,322.2503500000,-16.9000166667,319.1983017717,,99040,Carlsberg Meridian Catalog Vol.4 (CDS I/147 table2.dat)
1986-11-10,1986-11-10T19:25:20,2446745.309270,322.8821708333,-16.6624750000,319.8476460799,,99040,Carlsberg Meridian Catalog Vol.4 (CDS I/147 table2.dat)
1986-11-12,1986-11-12T19:22:31,2446747.307313,324.1470500000,-16.1809472222,321.1519016545,,99040,Carlsberg Meridian Catalog Vol.4 (CDS I/147 table2.dat)
1986-11-13,1986-11-13T19:21:07,2446748.306337,324.7803041667,-15.9372944444,321.8068833099,,99040,Carlsberg Meridian Catalog Vol.4 (CDS I/147 table2.dat)
1986-11-19,1986-11-19T19:12:42,2446754.300495,328.5853000000,-14.4349583333,325.7711846657,,99040,Carlsberg Meridian Catalog Vol.4 (CDS I/147 table2.dat)
1986-11-20,1986-11-20T19:11:18,2446755.299524,329.2204458333,-14.1780972222,326.4375805560,,99040,Carlsberg Meridian Catalog Vol.4 (CDS I/147 table2.dat)
1986-11-21,1986-11-21T19:09:54,2446756.298552,329.8553041667,-13.9197055556,327.1049610347,,99040,Carlsberg Meridian Catalog Vol.4 (CDS I/147 table2.dat)
1986-11-23,1986-11-23T19:07:07,2446758.296610,331.1254708333,-13.3977694444,328.4440394334,,99040,Carlsberg Meridian Catalog Vol.4 (CDS I/147 table2.dat)
1986-11-24,1986-11-24T19:05:43,2446759.295639,331.7606541667,-13.1343361111,329.1155722446,,99040,Carlsberg Meridian Catalog Vol.4 (CDS I/147 table2.dat)
1986-11-28,1986-11-28T19:00:07,2446763.291757,334.3018708333,-12.0648583333,331.8144143723,,99040,Carlsberg Meridian Catalog Vol.4 (CDS I/147 table2.dat)
1986-11-29,1986-11-29T18:58:43,2446764.290787,334.9373333333,-11.7937888889,332.4922120305,,99040,Carlsberg Meridian Catalog Vol.4 (CDS I/147 table2.dat)
